{
  "name": "Fight Club",
  "year": 1999,
  "runtime": 139,
  "categories": [
    "drama"
  ],
  "release-date": "1999-10-15",
  "director": "David Fincher",
  "writer": [
    "Chuck Palahniuk",
    "Jim Uhls"
  ],
  "actors": [
    "Edward Norton",
    "Brad Pitt",
    "Meat Loaf",
    "Zach Grenier",
    "Helena Bonham Carter"
  ],
  "storyline": "A depressed man (Edward Norton) suffering from insomnia meets a strange soap salesman named Tyler Durden (Brad Pitt) and soon finds himself living in his squalid house after his perfect apartment is destroyed. The two bored men form an underground club with strict rules and fight other men who are fed up with their mundane lives. Their perfect partnership frays when Marla (Helena Bonham Carter), a fellow support group crasher, attracts Tyler's attention."
}
