{
  "name": "The Matrix",
  "year": 1999,
  "runtime": 136,
  "categories": [
    "action",
    "fantasy"
  ],
  "description": "Neo (Keanu Reeves) believes that Morpheus (Laurence Fishburne), an elusive figure considered to be the most dangerous man alive, can answer his question -- What is the Matrix? Neo is contacted by Trinity (Carrie-Anne Moss), a beautiful stranger who leads him into an underworld where he  meets Morpheus. They fight a brutal battle for their lives against a cadre of viciously intelligent secret agents. It is a truth that could cost Neo something more precious than his life.",
  "release-date": "1999-03-31",
  "director": [
    "Lana Wachowski",
    "Lilly Wachowski"
  ],
  "writer": [
    "Lana Wachowski",
    "Lilly Wachowski"
  ],
  "actors": [
    "Keanu Reeves",
    "Laurence Fishburne",
    "Carrie-Anne Moss",
    "Hugo Weaving",
    "Gloria Foster",
    "Joe Pantoliano",
    "Marcus Chong",
    "Julian Arahanga",
    "Matt Doran",
    "Belinda McClory",
    "Anthony Ray Parker",
    "Paul Goddard",
    "Robert Taylor",
    "David Aston",
    "Marc Aden Gray",
    "Ada Nicodemou",
    "Deni Gordon",
    "Rowan Witt",
    "Eleanor Witt",
    "Tamara Brown",
    "Janaya Pender",
    "Adryn White",
    "Natalie Tjen",
    "Bill Young",
    "David O'Connor",
    "Jeremy Ball",
    "Fiona Johnson",
    "Harry Lawrence",
    "Steve Dodd",
    "Luke Quinton",
    "Lawrence Woodward",
    "Michael Butcher",
    "Bernard Ledger",
    "Robert Simper",
    "Chris Pattinson",
    "Nigel Harbach",
    "Mike Duncan",
    "Rana Morrison"
  ]
}
