{
  "name": "G.I. Joe: The Rise of Cobra",
  "year": 2009,
  "runtime": 118,
  "categories": [
    "adventure",
    " Action",
    "sci-fi"
  ],
  "release-date": "2009-08-07",
  "director": "Stephen Sommers",
  "writer": [
    "Stuart Beattie",
    "David Elliot"
  ],
  "actors": [
    "Dennis Quaid",
    "Channing Tatum",
    "Marlon Wayans"
  ],
  "storyline": "An elite military unit comprised of special operatives known as G.I. Joe, operating out of The Pit, takes on an evil organization led by a notorious arms dealer."
}
