{
  "name": "Underworld: Rise of the Lycans",
  "year": 2009,
  "runtime": 92,
  "categories": [
    "horror",
    "action",
    "sci-fi",
    "fantasy",
    "thriller",
    "drama",
    "adventure"
  ],
  "release-date": "2006-01-23",
  "director": "Patrick Tatopoulos",
  "writer": [
    "Kevin Grevioux",
    "Danny McBride",
    "Robert Orr",
    "Len Wiseman"
  ],
  "actors": [
    "Rhona Mitra",
    "Michael Sheen",
    "Kate Beckinsale",
    "Bill Nighy",
    "Kevin Grevioux",
    "Steven Mackintosh",
    "Shane Brolly",
    "Craig Parker",
    "Elizabeth Hawthorne",
    "David Aston",
    "Geraldine Brophy",
    "Tania Nolan",
    "Leighton Cardno",
    "Jared Turner",
    "Mark Mitchinson"
  ],
  "storyline": "Viktor (Bill Nighy), the cruel king of the vampires, has persecuted the Lycans for centuries. Young Lycan Lucian (Michael Sheen) rallies his people against Viktor and his Death Dealer warriors. With his secret lover Sonja (Rhona Mitra), a vampire, at his side, Lucian leads the werewolves in a final battle to break free of enslavement -- or die trying."
}
