{
  "name": "Watchmen",
  "year": 2009,
  "runtime": 215,
  "categories": [
    "action",
    "mystery",
    "drama"
  ],
  "release-date": "2009-02-23",
  "director": "Zack Snyder",
  "writer": "Alan Moore",
  "actors": [
    "Malin Akerman",
    "Jeffrey Dean Morgan",
    "Jackie Earle Haley"
  ],
  "storyline": "In 1985 where former superheroes exist, the murder of a colleague sends active vigilante Rorschach into his own sprawling investigation, uncovering something that could completely change the course of history as we know it."
}
