{
  "name": "The Tourist",
  "year": 2010,
  "runtime": 103,
  "categories": [
    "action",
    "adventure",
    "crime",
    "mystery",
    "romance",
    "thriller"
  ],
  "release-date": "2010-12-10",
  "director": "Florian Henckel von Donnersmarck",
  "writer": [
    "Florian Henckel von Donnersmarck",
    "Christopher McQuarrie",
    "Julian Fellowes",
    "Jérôme Salle"
  ],
  "actors": [
    "Johnny Depp",
    "Angelina Jolie",
    "Paul Bettany",
    "Timothy Dalton",
    "Steven Berkoff"
  ],
  "storyline": "Elise (Jolie) sits next to an American tourist, Frank (Depp), on a train going to Venice. She has chosen him as a decoy, making believe that he is her lover who is wanted by police. Not only will they need to evade the police, but also the mobster whose money her lover stole."
}
