{
  "name": "The Terminator",
  "year": 1984,
  "runtime": 107,
  "categories": [
    "action",
    "sci-fi"
  ],
  "description": "A human-looking indestructible cyborg is sent from 2029 to 1984 to assassinate a waitress, whose unborn son will lead humanity in a war against the machines, while a soldier from that war is sent to protect her at all costs.",
  "release-date": "1984-10-26",
  "director": "James Cameron",
  "writer": [
    "James Cameron",
    "Gale Anne Hurd",
    "William Wisher Jr."
  ],
  "actors": [
    "Arnold Schwarzenegger",
    "Michael Biehn",
    "Linda Hamilton",
    "Paul Winfield",
    "Lance Henriksen",
    "Rick Rossovich",
    "Bess Motta",
    "Earl Boen"
  ]
}
