{
  "name": "Harry Potter and the Deathly Hallows: Part 2",
  "year": 2011,
  "runtime": 130,
  "categories": [
    "adventure",
    "family",
    "fantasy"
  ],
  "release-date": "2011-07-15",
  "director": "David Yates",
  "writer": [
    "Steve Kloves",
    "J.K. Rowling"
  ],
  "actors": [
    "Daniel Radcliffe",
    "Emma Watson",
    "Rupert Grint"
  ],
  "description": "In Part 2 of the epic finale, the battle between the good and evil forces of the Wizarding World escalate into an all-out war. The stakes have never been higher and no one is safe. But it is Harry Potter who may be called upon to make the ultimate sacrifice as he draws closer to the climactic showdown with Lord Voldemort. It all ends here."
}
