{
  "name": "Transformers: Dark of the Moon",
  "year": 2011,
  "runtime": 154,
  "categories": [
    "action",
    "adventure",
    "sci-fi"
  ],
  "release-date": "2011-06-29",
  "director": "Michael Bay",
  "writer": "Ehren Kruger",
  "actors": [
    "Shia LaBeouf",
    "Rosie Huntington-Whiteley",
    "Tyrese Gibson",
    "Josh Duhamel"
  ],
  "storyline": "The Autobots learn of a Cybertronian spacecraft hidden on the moon, and race against the Decepticons to reach it and to learn its secrets."
}
