{
  "name": "Top Gun",
  "year": 1986,
  "runtime": 110,
  "categories": [
    "action",
    "drama",
    "romance"
  ],
  "release-date": "1986-05-16",
  "director": "Tony Scott",
  "writer": [
    "Jim Cash",
    "Jack Epps Jr."
  ],
  "actors": [
    "Tom Cruise",
    "Kelly McGillis",
    "Val Kilmer",
    "Anthony Edwards",
    "Tom Skerritt"
  ],
  "storyline": "As students at the United States Navy's elite fighter weapons school compete to be best in the class, one daring young pilot learns a few things from a civilian instructor that are not taught in the classroom."
}
