{
  "name": "My Girl",
  "year": 1991,
  "runtime": 102,
  "categories": [
    "comedy",
    "drama",
    "romance"
  ],
  "description": "A young girl, on the threshold of her teen years, finds her life turning upside down, when she is accompanied by an unlikely friend.",
  "release-date": "1991-11-27",
  "director": "Howard Zieff",
  "writer": [
    "Laurice Elehwany"
  ],
  "actors": [
    "Dan Aykroyd",
    "Jamie Lee Curtis",
    "Macaulay Culkin",
    "Anna Chlumsky",
    "Griffin Dunne"
  ],
  "storyline": "1972. Vada Sultenfuss (played by Anna Chlumsky) is an intelligent, bubbly, hypochondriacal 11-year old girl. Her father, Harry (Dan Aykroyd), is a mortician and a widower. Her best friend is Thomas J Sennett (Macaulay Culkin). Then her father hires a new receptionist, Shelly (Jamie Lee Curtis), and life will never be the same again."
}
