{
  "name": "Mad Max 2: The Road Warrior",
  "year": 1981,
  "runtime": 96,
  "categories": [
    "action",
    "dystopian"
  ],
  "release-date": "1981-12-24",
  "director": "George Miller",
  "writer": [
    "George Miller",
    "Brian Hannant",
    "Terry Hayes"
  ],
  "actors": [
    "Mel Gibson"
  ],
  "storyline": "The film follows a Western frontier tale of a community of settlers moved to defend themselves against a roving band of marauders, with Max as a hardened man who rediscovers his humanity when he decides to help the settlers."
}
