{
  "name": "Spiderman 3",
  "year": 2007,
  "runtime": 139,
  "categories": [
    "action",
    "adventure"
  ],
  "release-date": "2004-05-04",
  "director": "Sam Raimi",
  "writer": [
    "Sam Raimi",
    "Ivan Raimi",
    "Alvin Sargant"
  ],
  "actors": [
    "Tobey Maguire",
    "Kirsten Dunst",
    "James Franco",
    "Thomas Haden Church",
    "Topher Grace",
    "Rosemary Harris",
    "Bryce Dallis Howard",
    "James Cromwell",
    "J.K. Simmons"
  ],
  "storyline": "Strange black alien object bonds with Spiderman and causes inner turmoil."
}
