{
  "name": "Criminal",
  "year": 2016,
  "runtime": 113,
  "categories": [
    "mistery",
    "crime"
  ],
  "release-date": "2016-04-14",
  "director": "Ariel Vromen",
  "writer": [
    "Douglas Vromen",
    "David Weisberg"
  ],
  "actors": [
    "Kevin Costner",
    "Ryan Reynolds",
    "Gal Gadot"
  ],
  "storyline": "CIA agent Bill Pope (Ryan Reynolds) dies while traveling to a secret location to meet a hacker who can launch missiles at will. Desperate to find his whereabouts, officials turn to an experimental neurosurgeon who can transfer memories from one brain to another. The guinea pig for the procedure is Jerico Stewart (Kevin Costner), a violent and dangerous death-row inmate. Now gifted with Pope's skills and knowledge, Stewart must race against time to stop a sinister international conspiracy."
}
