{
  "name": "The Magnificent Seven",
  "year": 2016,
  "runtime": 132,
  "categories": [
    "action",
    "adventure",
    "western"
  ],
  "release-date": "2016-09-23",
  "director": "Antoine Fuqua",
  "writer": [
    "Akira Kurosawa",
    "Shinobu Hashimoto",
    "Hideo Oguni",
    "Nic Pizzolatto",
    "Richard Wenk"
  ],
  "actors": [
    "Denzel Washington",
    "Chris Pratt",
    "Ethan Hawke",
    "Vincent D'Onofrio",
    "Byung-hun Lee",
    "Manuel Garcia-Rulfo",
    "Martin Sensmeier",
    "Haley Bennett",
    "Peter Sarsgaard",
    "Luke Grimes",
    "Matt Bomer",
    "Jonathan Joss",
    "Cam Gigandet",
    "Emil Beheshti",
    "Mark Ashworth",
    "Billy Slaughter",
    "Dodge Prince",
    "Matthew Posey",
    "Carrie Lazar",
    "Jody Mullins",
    "Clint James",
    "Dane Rhodes",
    "Ritchie Montgomery",
    "Sean Bridgers",
    "William Lee Scott",
    "David Kallaway",
    "Griff Furst",
    "Alix Angelis",
    "Sean Boyd",
    "Rob Mello",
    "Walker Babington",
    "Thomas Blake Jr.",
    "Ryan Brown",
    "Derek Lacasa",
    "John Wylie",
    "Chad Randall",
    "Kevin Wayne",
    "Wally Welch",
    "Ed Lowry",
    "David Manzanares",
    "Dylan Kenin",
    "Kevin Wiggins",
    "Jackson Beals",
    "Miles Doleac",
    "Heath Lemme",
    "Charles Bickham",
    "Chase Williams",
    "Fionn Camp"
  ],
  "storyline": "Seven gunmen in the old west gradually come together to help a poor village against savage thieves."
}
