{
  "name": "Underworld: Blood Wars",
  "year": 2016,
  "runtime": 91,
  "categories": [
    "action",
    "adventure",
    "fantasy"
  ],
  "release-date": "2016-24-11",
  "director": "Anna Foerster",
  "writer": [
    "Cory Goodman",
    "Kyle Ward"
  ],
  "actors": [
    "Kate Beckinsale",
    "Theo James",
    "Tobias Menzies"
  ],
  "storyline": "Vampire death dealer, Selene (Kate Beckinsale) fights to end the eternal war between the Lycan clan and the Vampire faction that betrayed her."
}
