{
  "name": "The Godfather: Part II",
  "year": 1974,
  "runtime": 200,
  "categories": [
    "action",
    "crime",
    "drama"
  ],
  "release-date": "1974-12-12",
  "director": "Francis Ford Coppola",
  "writer": [
    "Francis Ford Coppola",
    "Mario Puzo"
  ],
  "actors": [
    "Al Pacino",
    "Robert Duvall",
    "Diane Keaton",
    "Robert De Niro",
    "John Cazale",
    "Talia Shire",
    "Lee Strasberg",
    "John Megna",
    "Michael V. Gazzo",
    "Morgana King",
    "Francesca De Sapio",
    "G. D. Spradlin",
    "Richard Bright",
    "Tom Rosqui",
    "Marianna Hill",
    "Gastone Moschin",
    "Troy Donahue",
    "Joe Spinell",
    "Dominic Chianese",
    "Franco Corsaro",
    "Frank Sivero",
    "Bruno Kirby",
    "John Aprea",
    "Maria Carta",
    "Giuseppe Sillato",
    "Amerigo Tot",
    "Ivonne Coll",
    "Julian Voloshin",
    "Fay Spain",
    "Larry Guardino",
    "Carmine Caridi",
    "Danny Aiello",
    "Leopoldo Trieste",
    "Salvatore Po",
    "Harry Dean Stanton",
    "Roman Coppola"
  ],
  "storyline": "The continuing saga of the Corleone crime family tells the story of a young Vito Corleone growing up in Sicily and in 1910s New York; and follows Michael Corleone in the 1950s as he attempts to expand the family business into Las Vegas, Hollywood and Cuba."
}
