{
  "name": "Terminator 3: Rise of the Machines",
  "year": 2003,
  "runtime": 109,
  "categories": [
    "action",
    "sci-fi"
  ],
  "description": "A cybernetic warrior from a post-apocalyptic future travels back in time to protect a 19-year old drifter and his future wife from a most advanced robotic assassin and to ensure they both survive a nuclear attack.",
  "release-date": "2003-07-02",
  "director": "Jonathan Mostow",
  "writer": [
    "James Cameron",
    "Gale Anne Hurd",
    "John Brancato",
    "Michael Ferris",
    "Tedi Sarafian"
  ],
  "actors": [
    "Arnold Schwarzenegger",
    "Nick Stahl",
    "Claire Danes",
    "Kristanna Loken",
    "David Andrews",
    "Mark Famiglietti",
    "Earl Boen",
    "Moira Sinise"
  ]
}
