{
  "name": "The Matrix Revolutions",
  "year": 2003,
  "runtime": 129,
  "categories": [
    "action",
    "thriller"
  ],
  "description": "In a dystopia overrun by robots, Neo (Keanu Reeves), mankind's greatest hope, is trapped in a limbo world. Meanwhile, the majority of the planet's population remains in a state of suspended virtual reality. The few humans who are cognizant of the grim realities of the world desperately try to hold off their mechanical enemies long enough for Neo to escape and save the day, but things turn disastrous when all-powerful computer program Agent Smith (Hugo Weaving) arrives in the flesh.",
  "release-date": "2003-11-05",
  "director": [
    "Lana Wachowski",
    "Lilly Wachowski"
  ],
  "writer": [
    "Lana Wachowski",
    "Lilly Wachowski"
  ],
  "actors": [
    "Mary Alice",
    "Tanveer K. Atwal",
    "Helmut Bakaitis",
    "Kate Beahan",
    "Francine Bell",
    "Monica Bellucci",
    "Rachel Blackman",
    "Henry Blasingame",
    "Ian Bliss",
    "David Bowers",
    "Zeke Castelli",
    "Collin Chou",
    "Essie Davis",
    "Laurence Fishburne",
    "Nona Gaye",
    "Dion Horstmans",
    "Lachy Hulme",
    "Christopher Kirby",
    "Peter Lamb",
    "Nathaniel Lees",
    "Harry Lennix",
    "Robert Mammone",
    "Joe Manning",
    "Maurice Morgan",
    "Carrie-Anne Moss",
    "Tharini Mudaliar",
    "Rene Naufahu",
    "Robyn Nevin",
    "Genevieve O'Reilly",
    "Harold Perrineau",
    "Jada Pinkett Smith",
    "Kittrick Redmond",
    "Keanu Reeves",
    "Rupert Reid",
    "Kevin Michael Richardson",
    "David Roberts",
    "Bruce Spence",
    "Richard Sydenham",
    "Che Timmins",
    "Gina Torres",
    "Clayton Watson",
    "Hugo Weaving",
    "Cornel West",
    "Bernard White",
    "Lambert Wilson",
    "Anthony Brandon Wong",
    "Anthony Zerbe",
    "Craig Walker"
  ]
}
