{
  "name": "The Matrix Reloaded",
  "year": 2003,
  "runtime": 138,
  "categories": [
    "sci-fi",
    "thriller"
  ],
  "description": "Freedom fighters Neo (Keanu Reeves), Trinity (Carrie-Anne Moss) and Morpheus (Laurence Fishburne) continue to lead the revolt against the Machine Army, unleashing their arsenal of extraordinary skills and weaponry against the systematic forces of repression and exploitation. In their quest to save the human race from extinction, they gain greater insight into the construct of The Matrix and Neo's pivotal role in the fate of mankind.",
  "release-date": "2003-05-15",
  "director": [
    "Lana Wachowski",
    "Lilly Wachowski"
  ],
  "writer": [
    "Lana Wachowski",
    "Lilly Wachowski"
  ],
  "actors": [
    "Ray Anthony",
    "Christine Anu",
    "Andy Arness",
    "Alima Ashton-Sheibu",
    "Helmut Bakaitis",
    "Steve Bastoni",
    "Don Battee",
    "Monica Bellucci",
    "Daniel Bernhardt",
    "Valerie Berry",
    "Ian Bliss",
    "Liliana Bogatko",
    "Michael Budd",
    "Stoney Burke",
    "Kelly Butler",
    "Josephine Byrnes",
    "Noris Campos",
    "Collin Chou",
    "Paul Cotter",
    "Marlene Cummins",
    "Attila Davidhazy",
    "Essie Davis",
    "Terrell Dixon",
    "Nash Edgerton",
    "Laurence Fishburne",
    "Gloria Foster",
    "David Franklin",
    "Austin Galuppo",
    "Nona Gaye",
    "Daryl Heath",
    "Roy Jones Jr.",
    "Malcolm Kennard",
    "David Kilde",
    "Randall Duk Kim",
    "Christopher Kirby",
    "Peter Lamb",
    "Nathaniel Lees",
    "Harry Lennix",
    "Tony Lynch",
    "Robert Mammone",
    "Joshua Mbakwe",
    "Matt McColm",
    "Scott McLean",
    "Chris Mitchell",
    "Steve Morris",
    "Carrie-Anne Moss",
    "Tory Mussett",
    "Rene Naufahu",
    "Robyn Nevin",
    "David No",
    "Genevieve O'Reilly",
    "Socratis Otto",
    "Harold Perrineau",
    "Jada Pinkett Smith",
    "Montaño Rain",
    "Adrian Rayment",
    "Neil Rayment",
    "Rupert Reid",
    "Keanu Reeves",
    "David Roberts",
    "Shane C. Rodrigo",
    "Nick Scoggin",
    "Kevin Scott",
    "Tahei Simpson",
    "Frankie Stevens",
    "Nicandro Thomas",
    "Gina Torres",
    "Andrew Valli",
    "Steve Vella",
    "John Walton",
    "Clayton Watson",
    "Hugo Weaving",
    "Cornel West",
    "Leigh Whannell",
    "Bernard White",
    "Lambert Wilson",
    "Anthony Brandon Wong",
    "Anthony Zerbe"
  ]
}
