{
  "name": "Underworld",
  "year": 2003,
  "runtime": 134,
  "categories": [
    "horror",
    "action",
    "sci-fi",
    "fantasy",
    "thriller",
    "drama",
    "adventure"
  ],
  "release-date": "2003-09-19",
  "director": "Len Wiseman",
  "writer": [
    "Kevin Grevioux",
    "Danny McBride",
    "Robert Orr",
    "Len Wiseman"
  ],
  "actors": [
    "Kate Beckinsale",
    "Bill Nighy",
    "Michael Sheen",
    "Shane Brolly",
    "Scott Speedman",
    "Sophia Myles",
    "Zita Görög",
    "Scott McElroy"
  ],
  "storyline": "Under cover of night, vampires engage in an age-old battle with their sworn enemies, the Lycans, a clan of violent werewolves. Selene (Kate Beckinsale), a vampire orphaned in the wake of a bloody Lycan attack, works for the vampire clan as a trained killer. When the Lycans take a mysterious interest in Michael Corvin (Scott Speedman), an exceptional mortal doctor, Selene struggles to save him from Lucian (Michael Sheen), a ruthless Lycan leader hellbent on ending the vampire bloodline."
}
