{
  "name": "Finding Forrester",
  "year": 2000,
  "runtime": 136,
  "categories": [
    "drama"
  ],
  "release-date": "2000-12-20",
  "director": "Gus Van Sant",
  "writer": "Mike Rich",
  "actors": [
    "Sean Connery",
    "Rob Brown",
    "F. Murray Abraham",
    "Busta Rhymes as Terrell",
    "April Grace as Ms. Joyce",
    "Michael Pitt as Coleridge",
    "Matt Damon as Sanderson",
    "Glenn Fitzgerald"
  ],
  "storyline": "A young writing prodigy finds a mentor in a reclusive author."
}
