{
    "name": "Remember the Titans",
    "year": 2000,
    "runtime": 113,
    "categories": [
      "biography",
      "drama",
      "sport"
    ],
    "release-date": "2000-09-29",
    "director": "Boaz Yakino",
    "writer": "Gregory Allen Howard",
    "actors": [
      "Denzel Washington",
      "Will Patton",
      "Wood Harrisn"
    ],
    "storyline":"The true story of a newly appointed African-American coach and his high school team on their first season as a racially integrated unit."
  }