{
  "name": "Punisher: War Zone",
  "year": 2008,
  "runtime": 103,
  "categories": [
    "action",
    "crime",
    "drama"
  ],
  "release-date": "2008-12-05",
  "director": "Lexi Alexander",
  "writer": [
    "Nick Santora",
    "Art Marcum",
    "Matt Holloway"
  ],
  "actors": [
    "Ray Stevenson",
    "Dominic West",
    "Julie Benz"
  ],
  "storyline": "After hunting down and killing hundreds of violent criminals, Frank Castle, aka The Punisher, faces his most deadly foe yet: Jigsaw."
}
