{
  "name": "The Hobbit: An Unexpected Journey",
  "year": 2012,
  "runtime": 169,
  "categories": [
    "adventure",
    "fantasy"
  ],
  "release-date": "2012-12-14",
  "director": "Peter Jackson",
  "writer": [
    "J.R.R. Tolkien",
    "Fran Walsh",
    "Philippa Boyens",
    "Peter Jackson",
    "Guillermo del Toro"
  ],
  "actors": [
    "Martin Freeman",
    "Ian McKellen",
    "Richard Armitage"
  ],
  "storyline": "A reluctant hobbit, Bilbo Baggins, sets out to the Lonely Mountain with a spirited group of dwarves to reclaim their mountain home - and the gold within it - from the dragon Smaug."
}
