{
  "name": "The Fast and the Furious",
  "year": 2001,
  "runtime": 106,
  "categories": [
    "action",
    "crime",
    "thriller"
  ],
  "release-date": "2001-06-22",
  "director": "Rob Cohen",
  "writer": [
    "Gary Scott Thompson",
    "David Ayer"
  ],
  "actors": [
    "Paul Walker",
    "Vin Diesel",
    "Michelle Rodriguez",
    "Rick Yune",
    "Chad Lindberg",
    "Jonny Strong",
    "Matt Schulze"
  ],
  "storyline": "An unknown group of hijackers use racing cars to hijack 18-wheelers.It is upto an undercover cop Brian O'Conner to stop them."
}
