{
  "name": "The Lost World: Jurassic Park",
  "year": 2001,
  "runtime": 92,
  "categories": [
    "adventure",
    "action",
    "sci-fi",
    "thriller"
  ],
  "release-date": "2001-07-18",
  "director": "Joe Johnston",
  "writer": [
    "Michael Crichton",
    "Peter Buchman",
    "Alexander Payne",
    "Jim Taylor"
  ],
  "actors": [
    "Sam Neill",
    "William H. Macy",
    "Téa Leoni"
  ],
  "storyline": "Dr. Alan Grant is now a happy man with the previous incidents of Jurassic Park now behind him. Grant is that happy that he announce in public, that nothing on Earth can persuade him back onto the islands. Maybe nothing, except Paul Kirby. Kirby and his wife, Amanda want a plane to fly them over Isla Sorna, with Dr. Grant as their guide. But not everything Kirby says is true. When the plane lands, Dr. Grant realizes that there is another reason why they are there, that he doesn't know of. Now, Dr. Grant is stuck on an island he has never been on before, with what was a plane journey now turned into a search party. "
}
