{
  "name": "Harry Potter and the Chamber of Secrets",
  "year": 2002,
  "runtime": 161,
  "categories": [
    "adventure",
    "family",
    "fantasy"
  ],
  "release-date": "2002-11-15",
  "director": "Chris Columbus",
  "writer": [
    "J.K. Rowling",
    "Steve Kloves"
  ],
  "actors": [
    "Daniel Radcliffe",
    "Rupert Grint",
    "Emma Watson"
  ],
  "storyline": "The second installment in the Harry Potter series finds young wizard Harry Potter (Daniel Radcliffe) and his friends Ron Weasley (Rupert Grint) and Hermione Granger (Emma Watson) facing new challenges during their second year at Hogwarts School of Witchcraft and Wizardry as they try to uncover a dark force that is terrorizing the school."
}
