{
  "name": "G.I. Joe: Retaliation",
  "year": 2013,
  "runtime": 110,
  "categories": [
    "adventure",
    " Action",
    "sci-fi"
  ],
  "release-date": "2013-03-28",
  "director": "Jon M. Chu",
  "writer": [
    "Rhett Reese",
    "Paul Wernick"
  ],
  "actors": [
    "Dwayne Johnson",
    "Channing Tatum",
    "Dwayne Johnson"
  ],
  "storyline": "The G.I. Joes are not only fighting their mortal enemy Cobra; they are forced to contend with threats from within the government that jeopardize their very existence."
}
