{
  "name": "Percy Jackson: Sea of Monsters",
  "year": 2013,
  "runtime": 106,
  "categories": [
    "adventure",
    "family",
    "fantasy"
  ],
  "release-date": "2013-08-07",
  "director": "Thor Freudenthal",
  "writer": [
    "Marc Guggenheim",
    "Rick Riordan"
  ],
  "actors": [
    "Logan Lerman",
    "Alexandra Daddario",
    "Brandon T. Jackson",
    "Leven Rambin"
  ],
  "storyline": "In this retelling of Rick Riordans book, The Sea of Monsters, Percy Jackson, accompanied by his friends Annabeth Chase, Clarisse La Rue and Tyson, his half brother, goes on a journey to the Sea of Monsters to retrieve the Golden Fleece and save Camp Half-Blood."
}
