{
  "name": "Diamonds Are Forever",
  "year": 1971,
  "runtime": 120,
  "categories": [
    "action",
    "adventure",
    "thriller"
  ],
  "release-date": "1971-12-14",
  "director": "Guy Hamilton",
  "writer": [
    "Richard Maibaum",
    "Tom Mankiewicz",
    "Ian Fleming"
  ],
  "actors": [
    "Sean Connery",
    "Jill St. John",
    "Charles Gray"
  ],
  "storyline": "A diamond smuggling investigation leads James Bond to Las Vegas, where he uncovers an evil plot involving a rich business tycoon."
}
