{
  "name": "How To Train Your Dragon 2",
  "year": 2014,
  "runtime": 102,
  "categories": [
    "animation",
    "action",
    "adventure",
    "comedy",
    "fantasy",
    "family"
  ],
  "release-date": "2010-03-26",
  "director": "Dean DeBlois",
  "writer": [
    "Dean DeBlois",
    "Cressida Cowell"
  ],
  "actors": [
    "Jay Baruchel",
    "Gerard Butler",
    "Cate Blanchett"
  ],
  "storyline": "When Hiccup and Toothless discover an ice cave that is home to hundreds of new wild dragons and the mysterious Dragon Rider, the two friends find themselves at the center of a battle to protect the peace."
}
