{
  "name": "Kingsman: The Secret Service",
  "year": 2014,
  "runtime": 129,
  "categories": [
    "adventure",
    "action",
    "comedy"
  ],
  "release-date": "2014-02-13",
  "director": "Matthew Vaughn",
  "writer": [
    "Jane Goleman",
    "Matthew Vaughn",
    "Mark Millar",
    "Dave Gibbons"
  ],
  "actors": [
    "Colin Firth",
    "Taron Egerton",
    "Samuel L. Jackson"
  ],
  "storyline": "A spy organization recruits an unrefined, but promising street kid into the agency's ultra-competitive training program, just as a global threat emerges from a twisted tech genius."
}
