{
  "name": "Road to Paloma",
  "year": 2014,
  "runtime": 91,
  "categories": [
    "drama",
    "thriller"
  ],
  "release-date": "2014-07-11",
  "director": "Jason Momoa",
  "writer": [
    "Jason Momoa",
    "Robert Homer Mollohan",
    "Jonathan Hirschbein"
  ],
  "actors": [
    "Tye Alexander",
    "Lisa Bonet",
    "Chris Browning",
    "Linden Chiles",
    "Lance Henriksen",
    "Jason Momoa",
    "Kelly Noonan",
    "Michael Raymond-James",
    "Steve Reevis",
    "Alice Rietveld",
    "Sarah Shahi",
    "James Harvey Ward",
    "Nicole Garcia",
    "Naythan Varga",
    "Craig Anderson",
    "John Monteiro",
    "Christy Clark",
    "Mark Burns",
    "John Garcia",
    "Joseph Garcia Jr.",
    "Kevin Hills",
    "Brandon Jenkins",
    "Darrell McCord",
    "Mackenzie McCord",
    "Desny Miller",
    "Pikuni Reevis",
    "Angel Collier",
    "Heather Rae Evanston",
    "Lerae Pamela Fass",
    "Dorcas Sanchez",
    "Jill Wagner",
    "Henree Alyse",
    "Kenneth Dale Borill",
    "Charlie Brumbly",
    "Michael Hayes",
    "Robert Homer Mollohan",
    "Timothy V. Murphy",
    "Megan Oliver",
    "Tanoai Reed",
    "Taywanee Reevis",
    "Taeao Salima",
    "Wes Studi",
    "Drisilla Burns",
    "Kimberly Cameron",
    "Waylon Williams",
    "Nicolas Acosta",
    "Jordan Peterman",
    "Mike Burns",
    "Wesley Davis",
    "Joseph Garcia Sr.",
    "James Guerrero",
    "Michael Jackson",
    "Keith Jenkins",
    "Leonard McCord",
    "Patrick McCord Jr.",
    "Kyiyo Reevis",
    "Patrick Cly",
    "James Anthony Cuero III",
    "Lolita Meridith Evanston",
    "Warren Garcia",
    "Tyrone D. Thomas Sr."
  ],
  "storyline": "Wolf, a Native American on the run after avenging his mother's murder, flees across the desolate American West on his motorcycle, where he'll discover that justice has a cost."
}
