{
  "name": "Transformers: Age of Extinction",
  "year": 2014,
  "runtime": 165,
  "categories": [
    "action",
    "adventure",
    "sci-fi"
  ],
  "release-date": "2014-06-27",
  "director": "Michael Bay",
  "writer": "Ehren Kruger",
  "actors": [
    "Mark Wahlberg",
    "Nicola Peltz",
    "Jack Reynor"
  ],
  "storyline": "Autobots must escape sight from a bounty hunter who has taken control of the human serendipity: Unexpectedly, Optimus Prime and his remaining gang turn to a mechanic, his daughter, and her back street racing boyfriend for help."
}
