{
  "name": "Secret Window",
  "year": 2004,
  "runtime": 96,
  "categories": [
    "drama",
    "thriller",
    "mystery"
  ],
  "release-date": "2004-03-12",
  "director": "David Koepp",
  "writer": [
    "Stephen King",
    "David Koepp"
  ],
  "actors": [
    "Johnny Depp",
    "John Turturro",
    "Maria Bello",
    "Timothy Hutton",
    "Charles S. Dutton"
  ],
  "storyline": "Mort Rainey is a author struggling from writer's block and his wife's upcoming divorce, he heads to his remote cabin in upstate New York for solitude until John Shooter, a farmer from Mississippi accuses Mort of plagiarizing his story. Mort does his best to dismiss the claims, until Mort learns how dangerously far John Shooter will go in his journey for retribution."
}
