{
  "name": "Mortdecai",
  "year": 2015,
  "runtime": 107,
  "categories": [
    "action",
    "comedy",
    "crime",
    "mystery",
    "romance"
  ],
  "release-date": "2005-02-05",
  "director": "David Koepp",
  "writer": [
    "Eric Aronson",
    "Kyril Bonfiglioli"
  ],
  "actors": [
    "Johnny Depp",
    "Gwyneth Paltrow",
    "Paul Bettany",
    "Ewan McGregor",
    "Olivia Munn"
  ],
  "storyline": "Juggling some angry Russians, the British Mi5, his impossibly leggy wife and an international terrorist, debonair art dealer and part-time rogue Charlie Mortdecai must traverse the globe armed only with his good looks and special charm in a race to recover a stolen painting rumored to contain the code to a lost bank account filled with Nazi gold."
}
