{
  "name": "A Star is Born",
  "year": 2018,
  "runtime": 135,
  "categories": [
    "drama",
    "music",
    "romance"
  ],
  "release-date": "2018-09-07",
  "director": "Bradley Cooper",
  "writer": [
    "Lady Gaga",
    "Bradley Cooper",
    "Sam Elliott"
  ],
  "actors": [
    "Eric Roth",
    "Bradley Cooper",
    "Will Fetters",
    "William A. Wellman",
    "Robert Carson"
  ],
  "storyline": "Seasoned musician Jackson Maine (Bradley Cooper) discovers-and falls in love with-struggling artist Ally (Gaga). She has just about given up on her dream to make it big as a singer - until Jack coaxes her into the spotlight. But even as Ally's career takes off, the personal side of their relationship is breaking down, as Jack fights an ongoing battle with his own internal demons. Written by Warner Bros."
}
