{
  "name": "Avengers: Infinity War",
  "year": 2018,
  "runtime": 149,
  "categories": [
    "Action",
    "Adventure",
    "Fantasy"
  ],
  "release-date": "2018-04-27",
  "director": [
    "Anthony Russo",
    "Joe Russo"
  ],
  "writer": [
    "Christopher Markus",
    "Stephen McFeely"
  ],
  "actors": [
    "Robert Downey Jr.",
    "Chris Hemsworth",
    "Mark Ruffalo",
    "Chris Evans",
    "Scarlett Johansson",
    "Benedict Cumberbatch"
  ],
  "storyline": "The Avengers and their allies must be willing to sacrifice all in an attempt to defeat the powerful Thanos before his blitz of devastation and ruin puts an end to the universe."
}
