{
  "name": "Mission: Impossible - Fallout",
  "year": 2018,
  "runtime": 148,
  "categories": [
    "action",
    "adventure",
    "thriller"
  ],
  "release-date": "2018-05-10",
  "director": "Christopher McQuarrie",
  "writer": [
    "Christopher McQuarrie"
  ],
  "actors": [
    "Tom Cruise",
    "Henry Cavill",
    "Ving Rhames",
    "Simon Pegg",
    "Rebecca Ferguson",
    "Sean Harris",
    "Angela Bassett",
    "Michelle Monaghan",
    "Alec Baldwin"
  ],
  "storyline": "Two years after Ethan Hunt had successfully captured Solomon Lane, the remnants of the Syndicate have reformed into another organization called the Apostles. Under the leadership of a mysterious fundamentalist known only as John Lark, the organization is planning on acquiring three plutonium cores. Ethan and his team are sent to Berlin to intercept them, but the mission fails when Ethan saves Luther and the Apostles escape with the plutonium. With CIA agent August Walker joining the team, Ethan and his allies must now find the plutonium cores before it's too late"
}
