{
  "name": "Pacific Rim: Uprising",
  "year": 2018,
  "runtime": 111,
  "categories": [
    "action",
    "adventure",
    "sci-fi"
  ],
  "release-date": "2018-04-21",
  "director": "Steven S. DeKnight",
  "writer": [
    "Steven S. DeKnight",
    "Emily Carmichael",
    "Kira Snyder",
    "T.S. Nowlin"
  ],
  "actors": [
    "John Boyega",
    "Scott Eastwood",
    "Cailee Spaeny",
    "Burn Gorman",
    "Charlie Day",
    "Tian Jing",
    "Jin Zhang",
    "Adria Arjona",
    "Rinko Kikuchi",
    "Karan Brar",
    "Wesley Wong",
    "Ivanna Sakhno",
    "Mackenyu",
    "Lily Ji",
    "Shyrley Rodriguez"
  ],
  "storyline": "Jake Pentecost, son of Stacker Pentecost, reunites with Mako Mori to lead a new generation of Jaeger pilots, including rival Lambert and 15-year-old hacker Amara, against a new Kaiju threat."
}
