{
  "name": "The Nun",
  "year": 2018,
  "runtime": 96,
  "categories": [
    "horror",
    "mystery",
    "thriller"
  ],
  "release-date": "2018-09-07",
  "director": "Corin Hardy",
  "writer": [
    "Gary Dauberman",
    "James Wan",
    "Gary Dauberman"
  ],
  "actors": [
    "Demián Bichir",
    "Taissa Farmiga",
    "Jonas Bloquet",
    "Bonnie Aarons",
    "Ingrid Bisu"
  ],
  "storyline": "When a young nun at a cloistered abbey in Romania takes her own life, a priest with a haunted past and a novitiate on the threshold of her final vows are sent by the Vatican to investigate. Together they uncover the order's unholy secret. Risking not only their lives but their faith and their very souls, they confront a malevolent force in the form of the same demonic nun that first terrorized audiences in 'The Conjuring 2,' as the abbey becomes a horrific battleground between the living and the damned. Written by Warner Bros."
}
