{
  "name": "The Prestige",
  "year": 2006,
  "runtime": 130,
  "categories": [
    "thriller",
    "sci-fi"
  ],
  "release-date": "2006-10-17",
  "director": "Christopher Nolan",
  "writer": [
    "Christopher Nolan",
    "Jonathan Nolan"
  ],
  "actors": [
    "Christian Bale",
    "Hugh Jackman",
    "Scarlett Johansson"
  ],
  "storyline": "Two friends and fellow magicians become bitter enemies after a sudden tragedy. As they devote themselves to this rivalry, they make sacrifices that bring them fame but with terrible consequences."
}
