{
  "name": "Underworld: Evolution",
  "year": 2006,
  "runtime": 106,
  "categories": [
    "horror",
    "action",
    "sci-fi",
    "fantasy",
    "thriller",
    "drama",
    "adventure"
  ],
  "release-date": "2006-01-12",
  "director": "Len Wiseman",
  "writer": [
    "Kevin Grevioux",
    "Danny McBride",
    "Robert Orr",
    "Len Wiseman"
  ],
  "actors": [
    "Kate Beckinsale",
    "Scott Speedman",
    "Bill Nighy",
    "Tony Curran",
    "Derek Jacobi",
    "Michael Sheen",
    "Shane Brolly",
    "Steven Mackintosh",
    "Zita Görög",
    "Brian Steele"
  ],
  "storyline": "Seductive vampire Selene (Kate Beckinsale) and renegade werewolf Michael (Scott Speedman) love one another, but find themselves abhorred by the members of their own clans. Seeking clues that might provide a key to healing the rift between their species, they are hounded by Marcus (Tony Curran), an ancient creature obsessed with perpetuating the war between them. Continually beset by enemies from both sides, the lovers explore their pasts as they seek their destiny."
}
